Page URL,ILR,Schema.org (JSON-LD),Schema.org (Microdata),Open Graph,Twitter Cards,Microformats,Article items,Book items,Breadcrumb items,Carousel items,Course items,COVID-19 announcements (BETA) items,Dataset items,Employer Aggregate Rating items,Estimated salary items,Event items,Fact Check items,FAQ items,Guided recipe items,How-to items,Job posting items,Local Business items,Logo items,Merchant listing items,Movie items,Product snippet items,Product group items,Q&A items,Recipe on search items,Review snippet items,Sitelinks search box items,Site names items,Software App items,Vehicle listing items,Video items
https://biosolution.co.id/sitemap.xml,-,0,0,0,0,0,0,0,0,0,0,0,0,0,0,0,0,0,0,0,0,0,0,0,0,0,0,0,0,0,0,0,0,0,0,0
https://biosolution.tech/,-,0,0,0,0,0,0,0,0,0,0,0,0,0,0,0,0,0,0,0,0,0,0,0,0,0,0,0,0,0,0,0,0,0,0,0
https://www.biosolution.tech/,100,1,0,1,1,0,0,0,0,0,0,0,0,0,0,0,1,0,0,0,0,1,0,0,0,1,0,6,0,0,1,1,1,0,0,0
https://www.biosolution.tech/about,64,1,0,1,1,0,0,0,1,0,0,0,0,0,0,0,1,0,0,0,0,1,0,0,0,1,0,6,0,0,1,0,1,0,0,0
https://www.biosolution.tech/contact,79,1,0,1,1,0,0,0,1,0,0,0,0,0,0,0,1,0,0,0,0,2,0,0,0,1,0,6,0,0,2,0,1,0,0,0
https://www.biosolution.tech/en,93,1,0,1,1,0,0,0,0,0,0,0,0,0,0,0,2,0,0,0,0,2,0,0,0,2,0,12,0,0,2,0,2,0,0,0
https://www.biosolution.tech/en/about,36,1,0,1,1,0,0,0,1,0,0,0,0,0,0,0,2,0,0,0,0,2,0,0,0,2,0,12,0,0,2,0,2,0,0,0
https://www.biosolution.tech/en/contact,50,1,0,1,1,0,0,0,1,0,0,0,0,0,0,0,2,0,0,0,0,3,0,0,0,2,0,12,0,0,3,0,2,0,0,0
https://www.biosolution.tech/en/news,57,1,0,1,1,0,0,0,1,0,0,0,0,0,0,0,2,0,0,0,0,2,0,0,0,2,0,12,0,0,2,0,2,0,0,0
https://www.biosolution.tech/en/news/biological-fungicide-sheath-blight-formula,14,1,0,1,1,0,0,0,1,0,0,0,0,0,0,0,2,0,0,0,0,2,0,0,0,2,0,12,0,0,2,0,2,0,0,0
https://www.biosolution.tech/en/news/brown-planthopper-control-formula,14,1,0,1,1,0,0,0,1,0,0,0,0,0,0,0,2,0,0,0,0,2,0,0,0,2,0,12,0,0,2,0,2,0,0,0
https://www.biosolution.tech/en/news/degraded-land-restoration-formula,14,1,0,1,1,0,0,0,1,0,0,0,0,0,0,0,2,0,0,0,0,2,0,0,0,2,0,12,0,0,2,0,2,0,0,0
https://www.biosolution.tech/en/news/fall-armyworm-control-formula,14,1,0,1,1,0,0,0,1,0,0,0,0,0,0,0,2,0,0,0,0,2,0,0,0,2,0,12,0,0,2,0,2,0,0,0
https://www.biosolution.tech/en/news/liquid-biofertilizer-formula,14,1,0,1,1,0,0,0,1,0,0,0,0,0,0,0,2,0,0,0,0,2,0,0,0,2,0,12,0,0,2,0,2,0,0,0
https://www.biosolution.tech/en/news/microbial-symbiosis-rice-formula,14,1,0,1,1,0,0,0,1,0,0,0,0,0,0,0,2,0,0,0,0,2,0,0,0,2,0,12,0,0,2,0,2,0,0,0
https://www.biosolution.tech/en/news/optimal-soil-fertility-formula,14,1,0,1,1,0,0,0,1,0,0,0,0,0,0,0,2,0,0,0,0,2,0,0,0,2,0,12,0,0,2,0,2,0,0,0
https://www.biosolution.tech/en/news/organic-rice-paddy-formula,14,1,0,1,1,0,0,0,1,0,0,0,0,0,0,0,2,0,0,0,0,2,0,0,0,2,0,12,0,0,2,0,2,0,0,0
https://www.biosolution.tech/en/news/organic-soil-amendment-formula,14,1,0,1,1,0,0,0,1,0,0,0,0,0,0,0,2,0,0,0,0,2,0,0,0,2,0,12,0,0,2,0,2,0,0,0
https://www.biosolution.tech/en/news/resistance-free-insecticide-formula,14,1,0,1,1,0,0,0,1,0,0,0,0,0,0,0,2,0,0,0,0,2,0,0,0,2,0,12,0,0,2,0,2,0,0,0
https://www.biosolution.tech/en/research,36,1,0,1,1,0,0,0,1,0,0,0,0,0,0,0,2,0,0,0,0,2,0,0,0,2,0,12,0,0,2,0,2,0,0,0
https://www.biosolution.tech/en/solutions,36,1,0,1,1,0,0,0,1,0,0,0,0,0,0,0,2,0,0,0,0,2,0,0,0,2,0,12,0,0,2,0,2,0,0,0
https://www.biosolution.tech/en/solutions/animal,43,1,0,1,1,0,0,0,2,0,0,0,0,0,0,0,2,0,0,0,0,2,0,3,0,8,0,15,0,0,5,0,2,0,0,0
https://www.biosolution.tech/en/solutions/plant,43,1,0,1,1,0,0,0,2,0,0,0,0,0,0,0,2,0,0,0,0,2,0,3,0,8,0,15,0,0,5,0,2,0,0,0
https://www.biosolution.tech/llms.txt,-,0,0,0,0,0,0,0,0,0,0,0,0,0,0,0,0,0,0,0,0,0,0,0,0,0,0,0,0,0,0,0,0,0,0,0
https://www.biosolution.tech/news,86,1,0,1,1,0,0,0,1,0,0,0,0,0,0,0,1,0,0,0,0,1,0,0,0,1,0,6,0,0,1,0,1,0,0,0
https://www.biosolution.tech/news/budidaya-udang-vaname-situbondo,29,1,0,1,1,0,0,0,1,0,0,0,0,0,0,0,1,0,0,0,0,1,0,0,0,1,0,6,0,0,1,0,1,0,0,0
https://www.biosolution.tech/news/formula-fungisida-hayati-hawar-pelepah,21,1,0,1,1,0,0,0,1,0,0,0,0,0,0,0,1,0,0,0,0,1,0,0,0,1,0,6,0,0,1,0,1,0,0,0
https://www.biosolution.tech/news/formula-insektisida-anti-resistensi,21,1,0,1,1,0,0,0,1,0,0,0,0,0,0,0,1,0,0,0,0,1,0,0,0,1,0,6,0,0,1,0,1,0,0,0
https://www.biosolution.tech/news/formula-kesuburan-tanah-optimal,21,1,0,1,1,0,0,0,1,0,0,0,0,0,0,0,1,0,0,0,0,1,0,0,0,1,0,6,0,0,1,0,1,0,0,0
https://www.biosolution.tech/news/formula-organik-padi-sawah,21,1,0,1,1,0,0,0,1,0,0,0,0,0,0,0,1,0,0,0,0,1,0,0,0,1,0,6,0,0,1,0,1,0,0,0
https://www.biosolution.tech/news/formula-pembenah-tanah-organik,21,1,0,1,1,0,0,0,1,0,0,0,0,0,0,0,1,0,0,0,0,1,0,0,0,1,0,6,0,0,1,0,1,0,0,0
https://www.biosolution.tech/news/formula-pengendalian-ulat-grayak,21,1,0,1,1,0,0,0,1,0,0,0,0,0,0,0,1,0,0,0,0,1,0,0,0,1,0,6,0,0,1,0,1,0,0,0
https://www.biosolution.tech/news/formula-pengendalian-wereng-cokelat,21,1,0,1,1,0,0,0,1,0,0,0,0,0,0,0,1,0,0,0,0,1,0,0,0,1,0,6,0,0,1,0,1,0,0,0
https://www.biosolution.tech/news/formula-pupuk-hayati-cair,21,1,0,1,1,0,0,0,1,0,0,0,0,0,0,0,1,0,0,0,0,1,0,0,0,1,0,6,0,0,1,0,1,0,0,0
https://www.biosolution.tech/news/formula-restorasi-lahan-kritis,21,1,0,1,1,0,0,0,1,0,0,0,0,0,0,0,1,0,0,0,0,1,0,0,0,1,0,6,0,0,1,0,1,0,0,0
https://www.biosolution.tech/news/formula-simbiosis-mikroba-padi,21,1,0,1,1,0,0,0,1,0,0,0,0,0,0,0,1,0,0,0,0,1,0,0,0,1,0,6,0,0,1,0,1,0,0,0
https://www.biosolution.tech/news/peningkatan-hasil-panen-padi-klaten,29,1,0,1,1,0,0,0,1,0,0,0,0,0,0,0,1,0,0,0,0,1,0,0,0,1,0,6,0,0,1,0,1,0,0,0
https://www.biosolution.tech/news/peternakan-ayam-zero-antibiotic,29,1,0,1,1,0,0,0,1,0,0,0,0,0,0,0,1,0,0,0,0,1,0,0,0,1,0,6,0,0,1,0,1,0,0,0
https://www.biosolution.tech/products,29,1,0,1,1,0,0,0,0,0,1,0,0,0,0,0,1,0,0,0,0,1,0,0,0,1,0,6,0,0,1,0,1,0,0,0
https://www.biosolution.tech/products/floraone,-,0,0,0,0,0,0,0,0,0,0,0,0,0,0,0,0,0,0,0,0,0,0,0,0,0,0,0,0,0,0,0,0,0,0,0
https://www.biosolution.tech/research,64,1,0,1,1,0,0,0,1,0,0,0,0,0,0,0,1,0,0,0,0,1,0,0,0,1,0,6,0,0,1,0,1,0,0,0
https://www.biosolution.tech/robots.txt,-,0,0,0,0,0,0,0,0,0,0,0,0,0,0,0,0,0,0,0,0,0,0,0,0,0,0,0,0,0,0,0,0,0,0,0
https://www.biosolution.tech/solutions,64,1,0,1,1,0,0,0,1,0,0,0,0,0,0,0,1,0,0,0,0,1,0,0,0,1,0,6,0,0,1,0,1,0,0,0
https://www.biosolution.tech/solutions/agriculture,7,1,0,1,1,0,0,0,1,0,0,0,0,0,0,0,1,0,0,0,0,1,0,0,0,1,0,6,0,0,1,0,1,0,0,0
https://www.biosolution.tech/solutions/animal,71,1,0,1,1,0,0,0,2,0,0,0,0,0,0,0,1,0,0,0,0,1,0,3,0,7,0,9,0,0,4,0,1,0,0,0
https://www.biosolution.tech/solutions/fishery,7,1,0,1,1,0,0,0,1,0,0,0,0,0,0,0,1,0,0,0,0,1,0,0,0,1,0,6,0,0,1,0,1,0,0,0
https://www.biosolution.tech/solutions/livestock,7,1,0,1,1,0,0,0,1,0,0,0,0,0,0,0,1,0,0,0,0,1,0,0,0,1,0,6,0,0,1,0,1,0,0,0
https://www.biosolution.tech/solutions/plant,71,1,0,1,1,0,0,0,2,0,0,0,0,0,0,0,1,0,0,0,0,1,0,3,0,7,0,9,0,0,4,0,1,0,0,0
